[
{"id": 1, "nombre": "Arándano"},
{"id": 2, "nombre": "Frambuesa"},
{"id": 3, "nombre": "Frutilla"},
{"id": 4, "nombre": "Grosella"},
{"id": 5, "nombre": "Mora"},
{"id": 6, "nombre": "Limón"},
{"id": 7, "nombre": "Mandarina"},
{"id": 8, "nombre": "Naranja"},
{"id": 9, "nombre": "Pomelo"},
{"id": 10, "nombre": "Melón"},
{"id": 11, "nombre": "Sandía"},
{"id": 12, "nombre": "Palta"},
{"id": 13, "nombre": "Chirimoya"},
{"id": 14, "nombre": "Coco"},
{"id": 15, "nombre": "Dátil"},
{"id": 16, "nombre": "Kiwi"},
{"id": 17, "nombre": "Mango"},
{"id": 18, "nombre": "Papaya"},
{"id": 19, "nombre": "Piña"},
{"id": 20, "nombre": "Plátano"},
{"id": 21, "nombre": "Damasco"},
{"id": 22, "nombre": "Cereza"},
{"id": 23, "nombre": "Ciruela"},
{"id": 24, "nombre": "Higo"},
{"id": 25, "nombre": "Kaki"},
{"id": 26, "nombre": "Manzana"},
{"id": 27, "nombre": "Durazno"},
{"id": 28, "nombre": "Nectarin"},
{"id": 29, "nombre": "Níspero"},
{"id": 30, "nombre": "Pera"},
{"id": 31, "nombre": "Uva"},
{"id": 32, "nombre": "Almendra"},
{"id": 33, "nombre": "Avellana"},
{"id": 34, "nombre": "Maní"},
{"id": 35, "nombre": "Castaña"},
{"id": 36, "nombre": "Nuez"},
{"id": 37, "nombre": "Pistacho"}
]