[
    {
        "id": 1,
        "tipo": "Fruta",
        "productos": ["Frutillas"],
        "Descripcion": "Frutillas de la región metropolitana de Santiago, comuna de Cerrillos. 100% orgánicas y frescas.",
        "region": "Región Metropolitana de Santiago",
        "comuna": "Cerrillos",
        "productor": "Don Juan",
        "email":"donjuan@frutillas.cl",
        "telefono": "+569 12345678",
        "img120": "../img/120x120/Frutillas.png",
        "img640": "../img/640x480/Frutillas.png",
        "img1280": "../img/1280x1024/Frutillas.png"

    },

    {
        "id": 2,
        "tipo": "Verdura",
        "productos": ["Lechuga"],
        "Descripcion": "Lechugas de la región del Maule, comuna de Talca. 100% orgánicas y frescas.",
        "region": "Región del Maule",
        "comuna": "Talca",
        "productor": "Doña María",
        "email":"donamarí@gmail.com",
        "telefono": "+569 87654321",
        "img120": "../img/120x120/Lechugas.png",
        "img640": "../img/640x480/Lechugas.png",
        "img1280": "../img/1280x1024/Lechugas.png"

    },

    {
        "id": 3,
        "tipo": "Verdura",
        "productos": ["Zapallos"],
        "Descripcion": "Zapallos de la región de la Araucanía, comuna de Temuco. 100% orgánicos y frescos.",
        "region": "Región de la Araucanía",
        "comuna": "Temuco",
        "productor": "Don Pedro",
        "email":"donpedro@gmail.com",
        "telefono": "+569 87654321",
        "img120": "../img/120x120/Zapallo.png",
        "img640": "../img/640x480/Zapallo.png",
        "img1280": "../img/1280x1024/Zapallo.png"
    },

    {
        "id": 4,
        "tipo": "Fruta",
        "productos": ["Duraznos"],
        "Descripcion": "Duraznos de la región de Los Lagos, comuna de Puerto Montt. 100% orgánicos y frescos.",
        "region": "Región de Los Lagos",
        "comuna": "Puerto Montt",
        "productor": "Don Pablo",
        "email":"donpablo@gmail.com",
        "telefono": "+569 87654321",
        "img120": "../img/120x120/Duraznos.png",
        "img640": "../img/640x480/Duraznos.png",
        "img1280": "../img/1280x1024/Duraznos.png"
    },

    {
        "id": 5,
        "tipo": "Verdura",
        "productos": ["Habas"],
        "Descripcion": "Habas de la región de Magallanes y de la Antártica Chilena, comuna de Punta Arenas. 100% orgánicas y frescas.",
        "region": "Región de Magallanes y de la Antártica Chilena",
        "comuna": "Punta Arenas",
        "productor": "Doña María",
        "email":"donamarí@gmail.com",
        "telefono": "+569 87654321",
        "img120": "../img/120x120/Habas.png",
        "img640": "../img/640x480/Habas.png",
        "img1280": "../img/1280x1024/Habas.png"
    }
]