[
    {"id": 1, "nombre": "Brócoli"},
    {"id": 2, "nombre": "Repollo"},
    {"id": 3, "nombre": "Coliflor"},
    {"id": 4, "nombre": "Rábano"},
    {"id": 5, "nombre": "Alcachofa"},
    {"id": 6, "nombre": "Lechuga"},
    {"id": 7, "nombre": "Zapallo"},
    {"id": 8, "nombre": "Pepino"},
    {"id": 9, "nombre": "Haba"},
    {"id": 10, "nombre": "Maíz"},
    {"id": 11, "nombre": "Champiñón"},
    {"id": 12, "nombre": "Acelga"},
    {"id": 13, "nombre": "Apio"},
    {"id": 14, "nombre": "Espinaca"},
    {"id": 15, "nombre": "Perejil"},
    {"id": 16, "nombre": "Ajo"},
    {"id": 17, "nombre": "Cebolla"},
    {"id": 18, "nombre": "Espárrago"},
    {"id": 19, "nombre": "Puerro"},
    {"id": 20, "nombre": "Acelga"},
    {"id": 21, "nombre": "Espinaca"},
    {"id": 22, "nombre": "Remolacha"},
    {"id": 23, "nombre": "Berenjena"},
    {"id": 24, "nombre": "Papa"},
    {"id": 25, "nombre": "Pimiento"},
    {"id": 26, "nombre": "Tomate"},
    {"id": 27, "nombre": "Zanahoria"}
]